,Date,country,code,project,page_id,page_title,item_id,views,population
14316,2018-07-01,Japan,JP,ja.wikipedia,38736,クジラ,Q1865281,557,126913433
34649,2018-07-01,Japan,JP,ja.wikipedia,2700,自動車,Q1420,489,126913433
39595,2018-07-01,Japan,JP,ja.wikipedia,4395,南極大陸,Q51,457,126913433
45326,2018-07-01,Japan,JP,ja.wikipedia,150031,ホッキョクグマ,Q33609,518,126913433
58929,2018-07-01,Japan,JP,ja.wikipedia,6958,二酸化炭素,Q1997,518,126913433
61702,2018-07-01,Japan,JP,ja.wikipedia,7516,米,Q5090,505,126913433
67404,2018-07-01,Japan,JP,ja.wikipedia,10166,アンモニア,Q4087,483,126913433
70502,2018-07-01,Japan,JP,ja.wikipedia,15473,熱帯夜,Q842740,811,126913433
74959,2018-07-01,Japan,JP,ja.wikipedia,1474417,地球温暖化,Q7942,649,126913433
77989,2018-07-01,Japan,JP,ja.wikipedia,19223,ケッペンの気候区分,Q124095,833,126913433
14125,2018-07-02,Japan,JP,ja.wikipedia,38736,クジラ,Q1865281,616,126913433
21458,2018-07-02,Japan,JP,ja.wikipedia,103024,リチウムイオン二次電池,Q2822895,919,126913433
21464,2018-07-02,Japan,JP,ja.wikipedia,1282290,水素,Q556,687,126913433
34006,2018-07-02,Japan,JP,ja.wikipedia,2700,自動車,Q1420,508,126913433
44418,2018-07-02,Japan,JP,ja.wikipedia,150031,ホッキョクグマ,Q33609,456,126913433
53909,2018-07-02,Japan,JP,ja.wikipedia,31168,熱帯低気圧,Q8092,500,126913433
57838,2018-07-02,Japan,JP,ja.wikipedia,6958,二酸化炭素,Q1997,683,126913433
60520,2018-07-02,Japan,JP,ja.wikipedia,7516,米,Q5090,761,126913433
66227,2018-07-02,Japan,JP,ja.wikipedia,10166,アンモニア,Q4087,773,126913433
69254,2018-07-02,Japan,JP,ja.wikipedia,15473,熱帯夜,Q842740,907,126913433
73615,2018-07-02,Japan,JP,ja.wikipedia,1474417,地球温暖化,Q7942,1111,126913433
76663,2018-07-02,Japan,JP,ja.wikipedia,19223,ケッペンの気候区分,Q124095,800,126913433
13379,2018-07-03,Japan,JP,ja.wikipedia,38736,クジラ,Q1865281,513,126913433
17089,2018-07-03,Japan,JP,ja.wikipedia,22912,セメント,Q45190,553,126913433
20415,2018-07-03,Japan,JP,ja.wikipedia,103024,リチウムイオン二次電池,Q2822895,816,126913433
20421,2018-07-03,Japan,JP,ja.wikipedia,1282290,水素,Q556,558,126913433
22496,2018-07-03,Japan,JP,ja.wikipedia,413498,旱魃,Q43059,496,126913433
32384,2018-07-03,Japan,JP,ja.wikipedia,2700,自動車,Q1420,525,126913433
42176,2018-07-03,Japan,JP,ja.wikipedia,150031,ホッキョクグマ,Q33609,452,126913433
49560,2018-07-03,Japan,JP,ja.wikipedia,372271,再生可能エネルギー,Q12705,588,126913433
51175,2018-07-03,Japan,JP,ja.wikipedia,31168,熱帯低気圧,Q8092,911,126913433
54850,2018-07-03,Japan,JP,ja.wikipedia,6958,二酸化炭素,Q1997,705,126913433
57391,2018-07-03,Japan,JP,ja.wikipedia,7516,米,Q5090,888,126913433
62760,2018-07-03,Japan,JP,ja.wikipedia,10166,アンモニア,Q4087,914,126913433
69730,2018-07-03,Japan,JP,ja.wikipedia,1474417,地球温暖化,Q7942,1215,126913433
72560,2018-07-03,Japan,JP,ja.wikipedia,19223,ケッペンの気候区分,Q124095,726,126913433
82182,2018-07-03,Taiwan,TW,zh.wikipedia,309575,甲烷水合物,Q389036,512,23659305
8017,2018-07-04,Japan,JP,ja.wikipedia,7141,チーズ,Q10943,479,126913433
13214,2018-07-04,Japan,JP,ja.wikipedia,38736,クジラ,Q1865281,568,126913433
14807,2018-07-04,Japan,JP,ja.wikipedia,22929,コンクリート,Q22657,485,126913433
20103,2018-07-04,Japan,JP,ja.wikipedia,103024,リチウムイオン二次電池,Q2822895,892,126913433
20110,2018-07-04,Japan,JP,ja.wikipedia,1282290,水素,Q556,671,126913433
31828,2018-07-04,Japan,JP,ja.wikipedia,2700,自動車,Q1420,536,126913433
40299,2018-07-04,Japan,JP,ja.wikipedia,3603400,食品ロス,Q18919,791,126913433
41457,2018-07-04,Japan,JP,ja.wikipedia,150031,ホッキョクグマ,Q33609,509,126913433
50350,2018-07-04,Japan,JP,ja.wikipedia,31168,熱帯低気圧,Q8092,835,126913433
51967,2018-07-04,Japan,JP,ja.wikipedia,109359,外来種,Q183368,489,126913433
54026,2018-07-04,Japan,JP,ja.wikipedia,6958,二酸化炭素,Q1997,801,126913433
56503,2018-07-04,Japan,JP,ja.wikipedia,7516,米,Q5090,852,126913433
58095,2018-07-04,Japan,JP,ja.wikipedia,1476885,グリーンピース_(NGO),Q81307,1506,126913433
58518,2018-07-04,Japan,JP,ja.wikipedia,1540503,石油,Q22656,531,126913433
61375,2018-07-04,Japan,JP,ja.wikipedia,68211,竹,Q670887,476,126913433
61743,2018-07-04,Japan,JP,ja.wikipedia,10166,アンモニア,Q4087,903,126913433
68637,2018-07-04,Japan,JP,ja.wikipedia,1474417,地球温暖化,Q7942,1205,126913433
71383,2018-07-04,Japan,JP,ja.wikipedia,19223,ケッペンの気候区分,Q124095,842,126913433
76279,2018-07-04,Japan,JP,ja.wikipedia,3342027,パリ協定_(気候変動),Q21707860,504,126913433
11145,2018-07-05,Japan,JP,ja.wikipedia,18498,ウシ,Q830,608,126913433
13103,2018-07-05,Japan,JP,ja.wikipedia,38736,クジラ,Q1865281,611,126913433
19928,2018-07-05,Japan,JP,ja.wikipedia,103024,リチウムイオン二次電池,Q2822895,702,126913433
19935,2018-07-05,Japan,JP,ja.wikipedia,1282290,水素,Q556,626,126913433
22353,2018-07-05,Japan,JP,ja.wikipedia,17362,風力発電,Q43302,533,126913433
31579,2018-07-05,Japan,JP,ja.wikipedia,2700,自動車,Q1420,490,126913433
40066,2018-07-05,Japan,JP,ja.wikipedia,3603400,食品ロス,Q18919,562,126913433
41232,2018-07-05,Japan,JP,ja.wikipedia,150031,ホッキョクグマ,Q33609,468,126913433
50037,2018-07-05,Japan,JP,ja.wikipedia,31168,熱帯低気圧,Q8092,489,126913433
51602,2018-07-05,Japan,JP,ja.wikipedia,109359,外来種,Q183368,459,126913433
53586,2018-07-05,Japan,JP,ja.wikipedia,6958,二酸化炭素,Q1997,1019,126913433
53972,2018-07-05,Japan,JP,ja.wikipedia,1094885,熱波,Q215864,716,126913433
56028,2018-07-05,Japan,JP,ja.wikipedia,7516,米,Q5090,911,126913433
57615,2018-07-05,Japan,JP,ja.wikipedia,1476885,グリーンピース_(NGO),Q81307,486,126913433
60877,2018-07-05,Japan,JP,ja.wikipedia,68211,竹,Q670887,461,126913433
61244,2018-07-05,Japan,JP,ja.wikipedia,10166,アンモニア,Q4087,851,126913433
62468,2018-07-05,Japan,JP,ja.wikipedia,52358,氾濫,Q8068,958,126913433
68044,2018-07-05,Japan,JP,ja.wikipedia,1474417,地球温暖化,Q7942,1244,126913433
70799,2018-07-05,Japan,JP,ja.wikipedia,14292,災害,Q3839081,557,126913433
70810,2018-07-05,Japan,JP,ja.wikipedia,19223,ケッペンの気候区分,Q124095,701,126913433
75652,2018-07-05,Japan,JP,ja.wikipedia,3342027,パリ協定_(気候変動),Q21707860,481,126913433
7948,2018-07-06,Japan,JP,ja.wikipedia,7141,チーズ,Q10943,522,126913433
11223,2018-07-06,Japan,JP,ja.wikipedia,18498,ウシ,Q830,502,126913433
13216,2018-07-06,Japan,JP,ja.wikipedia,38736,クジラ,Q1865281,545,126913433
14823,2018-07-06,Japan,JP,ja.wikipedia,29380,氷河時代,Q49367,556,126913433
20087,2018-07-06,Japan,JP,ja.wikipedia,103024,リチウムイオン二次電池,Q2822895,698,126913433
20095,2018-07-06,Japan,JP,ja.wikipedia,1282290,水素,Q556,458,126913433
22461,2018-07-06,Japan,JP,ja.wikipedia,17362,風力発電,Q43302,770,126913433
22905,2018-07-06,Japan,JP,ja.wikipedia,510542,洪水調節,Q1187968,585,126913433
27720,2018-07-06,Japan,JP,ja.wikipedia,14370,太陽光発電,Q192127,452,126913433
31731,2018-07-06,Japan,JP,ja.wikipedia,2700,自動車,Q1420,581,126913433
41464,2018-07-06,Japan,JP,ja.wikipedia,150031,シロクマ,Q33609,743,126913433
48316,2018-07-06,Japan,JP,ja.wikipedia,39142,石炭,Q24489,460,126913433
50327,2018-07-06,Japan,JP,ja.wikipedia,31168,熱帯低気圧,Q8092,452,126913433
51908,2018-07-06,Japan,JP,ja.wikipedia,109359,外来種,Q183368,491,126913433
53949,2018-07-06,Japan,JP,ja.wikipedia,6958,二酸化炭素,Q1997,648,126913433
56424,2018-07-06,Japan,JP,ja.wikipedia,7516,米,Q5090,812,126913433
61720,2018-07-06,Japan,JP,ja.wikipedia,10166,アンモニア,Q4087,853,126913433
62967,2018-07-06,Japan,JP,ja.wikipedia,52358,氾濫,Q8068,1581,126913433
68572,2018-07-06,Japan,JP,ja.wikipedia,1474417,地球温暖化,Q7942,1180,126913433
68614,2018-07-06,Japan,JP,ja.wikipedia,87122,自然災害,Q8065,653,126913433
71401,2018-07-06,Japan,JP,ja.wikipedia,14292,災害,Q3839081,744,126913433
71411,2018-07-06,Japan,JP,ja.wikipedia,19223,ケッペンの気候区分,Q124095,501,126913433
71832,2018-07-06,Japan,JP,ja.wikipedia,15931,水力発電,Q80638,576,126913433
78441,2018-07-06,Japan,JP,ja.wikipedia,60870,公共交通機関,Q178512,463,126913433
15173,2018-07-07,Japan,JP,ja.wikipedia,29380,氷河時代,Q49367,547,126913433
20581,2018-07-07,Japan,JP,ja.wikipedia,1282290,水素,Q556,455,126913433
32653,2018-07-07,Japan,JP,ja.wikipedia,2700,自動車,Q1420,532,126913433
42508,2018-07-07,Japan,JP,ja.wikipedia,150031,シロクマ,Q33609,686,126913433
49866,2018-07-07,Japan,JP,ja.wikipedia,130424,デイ・アフター・トゥモロー,Q14320,530,126913433
64422,2018-07-07,Japan,JP,ja.wikipedia,52358,氾濫,Q8068,1652,126913433
70108,2018-07-07,Japan,JP,ja.wikipedia,1474417,地球温暖化,Q7942,592,126913433
70155,2018-07-07,Japan,JP,ja.wikipedia,87122,自然災害,Q8065,842,126913433
72991,2018-07-07,Japan,JP,ja.wikipedia,14292,災害,Q3839081,896,126913433
73005,2018-07-07,Japan,JP,ja.wikipedia,19223,ケッペンの気候区分,Q124095,472,126913433
73417,2018-07-07,Japan,JP,ja.wikipedia,15931,水力発電,Q80638,650,126913433
16247,2018-07-08,Japan,JP,ja.wikipedia,29380,氷河時代,Q49367,498,126913433
21972,2018-07-08,Japan,JP,ja.wikipedia,103024,リチウムイオン二次電池,Q2822895,471,126913433
21977,2018-07-08,Japan,JP,ja.wikipedia,1282290,水素,Q556,482,126913433
33478,2018-07-08,Taiwan,TW,zh.wikipedia,230375,气溶胶,Q104541,6197,23659305
34715,2018-07-08,Japan,JP,ja.wikipedia,2700,自動車,Q1420,516,126913433
45331,2018-07-08,Japan,JP,ja.wikipedia,150031,シロクマ,Q33609,664,126913433
58999,2018-07-08,Japan,JP,ja.wikipedia,6958,二酸化炭素,Q1997,545,126913433
67353,2018-07-08,Japan,JP,ja.wikipedia,10166,アンモニア,Q4087,511,126913433
68683,2018-07-08,Japan,JP,ja.wikipedia,52358,洪水,Q8068,1219,126913433
74871,2018-07-08,Japan,JP,ja.wikipedia,1474417,地球温暖化,Q7942,849,126913433
74909,2018-07-08,Japan,JP,ja.wikipedia,87122,自然災害,Q8065,819,126913433
77980,2018-07-08,Japan,JP,ja.wikipedia,14292,災害,Q3839081,792,126913433
77990,2018-07-08,Japan,JP,ja.wikipedia,19223,ケッペンの気候区分,Q124095,575,126913433
11892,2018-07-09,Japan,JP,ja.wikipedia,18498,ウシ,Q830,467,126913433
13990,2018-07-09,Japan,JP,ja.wikipedia,38736,クジラ,Q1865281,572,126913433
15688,2018-07-09,Japan,JP,ja.wikipedia,29380,氷河時代,Q49367,527,126913433
21214,2018-07-09,Japan,JP,ja.wikipedia,103024,リチウムイオン二次電池,Q2822895,687,126913433
21219,2018-07-09,Japan,JP,ja.wikipedia,1282290,水素,Q556,729,126913433
32337,2018-07-09,Taiwan,TW,zh.wikipedia,230375,气溶胶,Q104541,1972,23659305
33544,2018-07-09,Japan,JP,ja.wikipedia,2700,自動車,Q1420,544,126913433
43773,2018-07-09,Japan,JP,ja.wikipedia,150031,ホッキョクグマ,Q33609,561,126913433
47572,2018-07-09,Japan,JP,ja.wikipedia,2575471,エアロゾル,Q104541,507,126913433
53175,2018-07-09,Japan,JP,ja.wikipedia,31168,熱帯低気圧,Q8092,534,126913433
56991,2018-07-09,Japan,JP,ja.wikipedia,6958,二酸化炭素,Q1997,767,126913433
59555,2018-07-09,Japan,JP,ja.wikipedia,7516,米,Q5090,882,126913433
65134,2018-07-09,Japan,JP,ja.wikipedia,10166,アンモニア,Q4087,852,126913433
66447,2018-07-09,Japan,JP,ja.wikipedia,52358,洪水,Q8068,1570,126913433
72419,2018-07-09,Japan,JP,ja.wikipedia,1474417,地球温暖化,Q7942,1413,126913433
72459,2018-07-09,Japan,JP,ja.wikipedia,87122,自然災害,Q8065,1449,126913433
75366,2018-07-09,Japan,JP,ja.wikipedia,14292,災害,Q3839081,1180,126913433
75375,2018-07-09,Japan,JP,ja.wikipedia,19223,ケッペンの気候区分,Q124095,529,126913433
81341,2018-07-09,Taiwan,TW,zh.wikipedia,19804,熱帶氣旋,Q8092,892,23659305
11890,2018-07-10,Japan,JP,ja.wikipedia,18498,ウシ,Q830,517,126913433
14003,2018-07-10,Japan,JP,ja.wikipedia,38736,クジラ,Q1865281,571,126913433
15670,2018-07-10,Japan,JP,ja.wikipedia,29380,氷河時代,Q49367,461,126913433
21238,2018-07-10,Japan,JP,ja.wikipedia,103024,リチウムイオン二次電池,Q2822895,799,126913433
21243,2018-07-10,Japan,JP,ja.wikipedia,1282290,水素,Q556,602,126913433
29291,2018-07-10,Japan,JP,ja.wikipedia,14370,太陽光発電,Q192127,517,126913433
33515,2018-07-10,Japan,JP,ja.wikipedia,2700,自動車,Q1420,623,126913433
43766,2018-07-10,Japan,JP,ja.wikipedia,150031,ホッキョクグマ,Q33609,572,126913433
50569,2018-07-10,Japan,JP,ja.wikipedia,22471,ガソリン,Q39558,525,126913433
53154,2018-07-10,Japan,JP,ja.wikipedia,31168,熱帯低気圧,Q8092,522,126913433
54798,2018-07-10,Japan,JP,ja.wikipedia,109359,外来種,Q183368,491,126913433
56996,2018-07-10,Japan,JP,ja.wikipedia,6958,二酸化炭素,Q1997,936,126913433
59639,2018-07-10,Japan,JP,ja.wikipedia,7516,米,Q5090,845,126913433
61754,2018-07-10,Japan,JP,ja.wikipedia,1540503,石油,Q22656,565,126913433
65256,2018-07-10,Japan,JP,ja.wikipedia,10166,アンモニア,Q4087,1067,126913433
66620,2018-07-10,Japan,JP,ja.wikipedia,52358,洪水,Q8068,1023,126913433
68290,2018-07-10,Japan,JP,ja.wikipedia,15473,熱帯夜,Q842740,701,126913433
72513,2018-07-10,Japan,JP,ja.wikipedia,1474417,地球温暖化,Q7942,1428,126913433
72552,2018-07-10,Japan,JP,ja.wikipedia,87122,自然災害,Q8065,807,126913433
75529,2018-07-10,Japan,JP,ja.wikipedia,14292,災害,Q3839081,816,126913433
75537,2018-07-10,Japan,JP,ja.wikipedia,19223,ケッペンの気候区分,Q124095,621,126913433
81564,2018-07-10,Taiwan,TW,zh.wikipedia,19804,熱帶氣旋,Q8092,1371,23659305
13762,2018-07-11,Japan,JP,ja.wikipedia,38736,クジラ,Q1865281,595,126913433
19755,2018-07-11,Japan,JP,ja.wikipedia,96712,異常気象,Q1277161,707,126913433
20958,2018-07-11,Japan,JP,ja.wikipedia,103024,リチウムイオン二次電池,Q2822895,665,126913433
20964,2018-07-11,Japan,JP,ja.wikipedia,1282290,水素,Q556,612,126913433
28919,2018-07-11,Japan,JP,ja.wikipedia,14370,太陽光発電,Q192127,495,126913433
33151,2018-07-11,Japan,JP,ja.wikipedia,2700,自動車,Q1420,523,126913433
43216,2018-07-11,Japan,JP,ja.wikipedia,150031,ホッキョクグマ,Q33609,498,126913433
52524,2018-07-11,Japan,JP,ja.wikipedia,31168,熱帯低気圧,Q8092,474,126913433
54153,2018-07-11,Japan,JP,ja.wikipedia,109359,外来種,Q183368,513,126913433
56310,2018-07-11,Japan,JP,ja.wikipedia,6958,二酸化炭素,Q1997,866,126913433
58870,2018-07-11,Japan,JP,ja.wikipedia,7516,米,Q5090,811,126913433
60519,2018-07-11,Japan,JP,ja.wikipedia,1476885,グリーンピース_(NGO),Q81307,523,126913433
60973,2018-07-11,Japan,JP,ja.wikipedia,1540503,石油,Q22656,461,126913433
63977,2018-07-11,Japan,JP,ja.wikipedia,68211,竹,Q670887,475,126913433
64392,2018-07-11,Japan,JP,ja.wikipedia,10166,アンモニア,Q4087,804,126913433
65703,2018-07-11,Japan,JP,ja.wikipedia,52358,洪水,Q8068,631,126913433
67363,2018-07-11,Japan,JP,ja.wikipedia,15473,熱帯夜,Q842740,706,126913433
71577,2018-07-11,Japan,JP,ja.wikipedia,1474417,地球温暖化,Q7942,1414,126913433
71616,2018-07-11,Japan,JP,ja.wikipedia,81446,エルニーニョ・南方振動,Q14524818,578,126913433
71618,2018-07-11,Japan,JP,ja.wikipedia,87122,自然災害,Q8065,750,126913433
74553,2018-07-11,Japan,JP,ja.wikipedia,14292,災害,Q3839081,835,126913433
74562,2018-07-11,Japan,JP,ja.wikipedia,19223,ケッペンの気候区分,Q124095,451,126913433
74980,2018-07-11,Japan,JP,ja.wikipedia,15931,水力発電,Q80638,968,126913433
80582,2018-07-11,Taiwan,TW,zh.wikipedia,19804,熱帶氣旋,Q8092,577,23659305
13377,2018-07-12,Japan,JP,ja.wikipedia,38736,クジラ,Q1865281,666,126913433
14945,2018-07-12,Japan,JP,ja.wikipedia,22929,コンクリート,Q22657,478,126913433
20311,2018-07-12,Japan,JP,ja.wikipedia,103024,リチウムイオン二次電池,Q2822895,703,126913433
20317,2018-07-12,Japan,JP,ja.wikipedia,1282290,水素,Q556,582,126913433
28082,2018-07-12,Japan,JP,ja.wikipedia,14370,太陽光発電,Q192127,567,126913433
32154,2018-07-12,Japan,JP,ja.wikipedia,2700,自動車,Q1420,621,126913433
42020,2018-07-12,Japan,JP,ja.wikipedia,150031,ホッキョクグマ,Q33609,557,126913433
49000,2018-07-12,Japan,JP,ja.wikipedia,39142,石炭,Q24489,476,126913433
51050,2018-07-12,Japan,JP,ja.wikipedia,31168,熱帯低気圧,Q8092,485,126913433
54686,2018-07-12,Japan,JP,ja.wikipedia,6958,二酸化炭素,Q1997,860,126913433
57195,2018-07-12,Japan,JP,ja.wikipedia,7516,米,Q5090,799,126913433
62465,2018-07-12,Japan,JP,ja.wikipedia,10166,アンモニア,Q4087,781,126913433
63730,2018-07-12,Japan,JP,ja.wikipedia,52358,洪水,Q8068,613,126913433
65325,2018-07-12,Japan,JP,ja.wikipedia,15473,熱帯夜,Q842740,541,126913433
69329,2018-07-12,Japan,JP,ja.wikipedia,1474417,地球温暖化,Q7942,1502,126913433
69365,2018-07-12,Japan,JP,ja.wikipedia,81446,エルニーニョ・南方振動,Q14524818,537,126913433
69367,2018-07-12,Japan,JP,ja.wikipedia,87122,自然災害,Q8065,776,126913433
72142,2018-07-12,Japan,JP,ja.wikipedia,14292,災害,Q3839081,755,126913433
72545,2018-07-12,Japan,JP,ja.wikipedia,15931,水力発電,Q80638,533,126913433
12789,2018-07-13,Japan,JP,ja.wikipedia,38736,クジラ,Q1865281,668,126913433
18307,2018-07-13,Japan,JP,ja.wikipedia,96712,異常気象,Q1277161,505,126913433
19401,2018-07-13,Japan,JP,ja.wikipedia,103024,リチウムイオン二次電池,Q2822895,752,126913433
19407,2018-07-13,Japan,JP,ja.wikipedia,1282290,水素,Q556,531,126913433
40088,2018-07-13,Japan,JP,ja.wikipedia,150031,ホッキョクグマ,Q33609,577,126913433
48702,2018-07-13,Japan,JP,ja.wikipedia,31168,熱帯低気圧,Q8092,472,126913433
52172,2018-07-13,Japan,JP,ja.wikipedia,6958,二酸化炭素,Q1997,644,126913433
54598,2018-07-13,Japan,JP,ja.wikipedia,7516,米,Q5090,777,126913433
59684,2018-07-13,Japan,JP,ja.wikipedia,10166,アンモニア,Q4087,605,126913433
62429,2018-07-13,Japan,JP,ja.wikipedia,15473,熱帯夜,Q842740,835,126913433
66314,2018-07-13,Japan,JP,ja.wikipedia,1474417,地球温暖化,Q7942,1284,126913433
66347,2018-07-13,Japan,JP,ja.wikipedia,87122,自然災害,Q8065,488,126913433
69004,2018-07-13,Japan,JP,ja.wikipedia,14292,災害,Q3839081,577,126913433
13089,2018-07-14,Japan,JP,ja.wikipedia,38736,クジラ,Q1865281,523,126913433
14697,2018-07-14,Japan,JP,ja.wikipedia,29380,氷河時代,Q49367,455,126913433
63928,2018-07-14,Japan,JP,ja.wikipedia,15473,熱帯夜,Q842740,1213,126913433
67942,2018-07-14,Japan,JP,ja.wikipedia,1474417,地球温暖化,Q7942,926,126913433
73517,2018-07-14,Taiwan,TW,zh.wikipedia,32775,明日之後,Q14320,983,23659305
9365,2018-07-15,Japan,JP,ja.wikipedia,7141,チーズ,Q10943,3046,126913433
13216,2018-07-15,Japan,JP,ja.wikipedia,18498,ウシ,Q830,491,126913433
15566,2018-07-15,Japan,JP,ja.wikipedia,38736,クジラ,Q1865281,1316,126913433
17481,2018-07-15,Japan,JP,ja.wikipedia,29380,氷河時代,Q49367,614,126913433
37254,2018-07-15,Japan,JP,ja.wikipedia,2700,自動車,Q1420,497,126913433
51415,2018-07-15,Japan,JP,ja.wikipedia,109986,ヒートアイランド,Q215712,522,126913433
57161,2018-07-15,Japan,JP,ja.wikipedia,130424,デイ・アフター・トゥモロー,Q14320,853,126913433
63284,2018-07-15,Japan,JP,ja.wikipedia,6958,二酸化炭素,Q1997,502,126913433
75729,2018-07-15,Japan,JP,ja.wikipedia,15473,熱帯夜,Q842740,1040,126913433
80513,2018-07-15,Japan,JP,ja.wikipedia,1474417,地球温暖化,Q7942,1223,126913433
83802,2018-07-15,Japan,JP,ja.wikipedia,19223,ケッペンの気候区分,Q124095,507,126913433
87179,2018-07-15,Taiwan,TW,zh.wikipedia,32775,明日之後,Q14320,988,23659305
8934,2018-07-16,Japan,JP,ja.wikipedia,7141,チーズ,Q10943,530,126913433
14811,2018-07-16,Japan,JP,ja.wikipedia,38736,クジラ,Q1865281,676,126913433
16569,2018-07-16,Japan,JP,ja.wikipedia,29380,氷河時代,Q49367,679,126913433
22328,2018-07-16,Japan,JP,ja.wikipedia,1282290,水素,Q556,522,126913433
35364,2018-07-16,Japan,JP,ja.wikipedia,2700,自動車,Q1420,479,126913433
42568,2018-07-16,Japan,JP,ja.wikipedia,58075,京都議定書,Q47359,473,126913433
46142,2018-07-16,Japan,JP,ja.wikipedia,150031,ホッキョクグマ,Q33609,473,126913433
48782,2018-07-16,Japan,JP,ja.wikipedia,109986,ヒートアイランド,Q215712,634,126913433
57766,2018-07-16,Japan,JP,ja.wikipedia,109359,外来種,Q183368,460,126913433
60080,2018-07-16,Japan,JP,ja.wikipedia,6958,二酸化炭素,Q1997,583,126913433
60521,2018-07-16,Japan,JP,ja.wikipedia,1094885,熱波,Q215864,515,126913433
68785,2018-07-16,Japan,JP,ja.wikipedia,10166,アンモニア,Q4087,514,126913433
71968,2018-07-16,Japan,JP,ja.wikipedia,15473,熱帯夜,Q842740,1578,126913433
76519,2018-07-16,Japan,JP,ja.wikipedia,1474417,地球温暖化,Q7942,1634,126913433
79633,2018-07-16,Japan,JP,ja.wikipedia,19223,ケッペンの気候区分,Q124095,528,126913433
80068,2018-07-16,Japan,JP,ja.wikipedia,15931,ダム水路式発電所,Q80638,659,126913433
85041,2018-07-16,Japan,JP,ja.wikipedia,3342027,パリ協定_(気候変動),Q21707860,461,126913433
13782,2018-07-17,Japan,JP,ja.wikipedia,38736,クジラ,Q1865281,514,126913433
15423,2018-07-17,Japan,JP,ja.wikipedia,29380,氷河時代,Q49367,696,126913433
18819,2018-07-17,Japan,JP,ja.wikipedia,60022,熱帯,Q42530,463,126913433
19625,2018-07-17,Japan,JP,ja.wikipedia,96712,異常気象,Q1277161,505,126913433
20863,2018-07-17,Japan,JP,ja.wikipedia,103024,リチウムイオン二次電池,Q2822895,999,126913433
20868,2018-07-17,Japan,JP,ja.wikipedia,1282290,水素,Q556,674,126913433
33080,2018-07-17,Japan,JP,ja.wikipedia,2700,自動車,Q1420,588,126913433
37747,2018-07-17,Japan,JP,ja.wikipedia,4395,南極大陸,Q51,451,126913433
39803,2018-07-17,Japan,JP,ja.wikipedia,58075,京都議定書,Q47359,468,126913433
43143,2018-07-17,Japan,JP,ja.wikipedia,150031,ホッキョクグマ,Q33609,527,126913433
45616,2018-07-17,Japan,JP,ja.wikipedia,109986,ヒートアイランド,Q215712,804,126913433
50768,2018-07-17,Japan,JP,ja.wikipedia,372271,再生可能エネルギー,Q12705,619,126913433
52483,2018-07-17,Japan,JP,ja.wikipedia,31168,熱帯低気圧,Q8092,640,126913433
54120,2018-07-17,Japan,JP,ja.wikipedia,109359,外来種,Q183368,507,126913433
56246,2018-07-17,Japan,JP,ja.wikipedia,6958,二酸化炭素,Q1997,772,126913433
56657,2018-07-17,Japan,JP,ja.wikipedia,1094885,熱波,Q215864,455,126913433
58861,2018-07-17,Japan,JP,ja.wikipedia,7516,米,Q5090,766,126913433
64359,2018-07-17,Japan,JP,ja.wikipedia,10166,アンモニア,Q4087,720,126913433
67316,2018-07-17,Japan,JP,ja.wikipedia,15473,熱帯夜,Q842740,1675,126913433
67319,2018-07-17,Japan,JP,ja.wikipedia,173414,温室効果ガス,Q167336,549,126913433
71536,2018-07-17,Japan,JP,ja.wikipedia,1474417,地球温暖化,Q7942,2135,126913433
74429,2018-07-17,Japan,JP,ja.wikipedia,14292,災害,Q3839081,615,126913433
74437,2018-07-17,Japan,JP,ja.wikipedia,19223,ケッペンの気候区分,Q124095,542,126913433
79499,2018-07-17,Japan,JP,ja.wikipedia,3342027,パリ協定_(気候変動),Q21707860,525,126913433
13499,2018-07-18,Japan,JP,ja.wikipedia,38736,クジラ,Q1865281,590,126913433
13930,2018-07-18,Japan,JP,ja.wikipedia,821183,太平洋高気圧,Q2853184,456,126913433
15062,2018-07-18,Japan,JP,ja.wikipedia,22929,コンクリート,Q22657,482,126913433
15078,2018-07-18,Japan,JP,ja.wikipedia,29380,氷河時代,Q49367,685,126913433
17076,2018-07-18,Japan,JP,ja.wikipedia,22912,セメント,Q45190,527,126913433
18386,2018-07-18,Japan,JP,ja.wikipedia,60022,熱帯,Q42530,539,126913433
19230,2018-07-18,Japan,JP,ja.wikipedia,96712,異常気象,Q1277161,654,126913433
20434,2018-07-18,Japan,JP,ja.wikipedia,103024,リチウムイオン二次電池,Q2822895,731,126913433
20441,2018-07-18,Japan,JP,ja.wikipedia,1282290,水素,Q556,579,126913433
28267,2018-07-18,Japan,JP,ja.wikipedia,14370,太陽光発電,Q192127,537,126913433
29864,2018-07-18,Japan,JP,ja.wikipedia,1726140,地球温暖化の原因,Q4383471,573,126913433
32354,2018-07-18,Japan,JP,ja.wikipedia,2700,自動車,Q1420,634,126913433
38966,2018-07-18,Japan,JP,ja.wikipedia,58075,京都議定書,Q47359,541,126913433
42196,2018-07-18,Japan,JP,ja.wikipedia,150031,ホッキョクグマ,Q33609,630,126913433
44550,2018-07-18,Japan,JP,ja.wikipedia,109986,ヒートアイランド,Q215712,1237,126913433
48679,2018-07-18,Japan,JP,ja.wikipedia,22471,ガソリン,Q39558,458,126913433
49533,2018-07-18,Japan,JP,ja.wikipedia,130424,デイ・アフター・トゥモロー,Q14320,1251,126913433
51225,2018-07-18,Japan,JP,ja.wikipedia,201956,持続可能な開発,Q131201,469,126913433
52848,2018-07-18,Japan,JP,ja.wikipedia,109359,外来種,Q183368,607,126913433
54900,2018-07-18,Japan,JP,ja.wikipedia,6958,二酸化炭素,Q1997,830,126913433
55283,2018-07-18,Japan,JP,ja.wikipedia,1094885,熱波,Q215864,634,126913433
57440,2018-07-18,Japan,JP,ja.wikipedia,7516,米,Q5090,749,126913433
59530,2018-07-18,Japan,JP,ja.wikipedia,1540503,石油,Q22656,563,126913433
62816,2018-07-18,Japan,JP,ja.wikipedia,10166,アンモニア,Q4087,779,126913433
65748,2018-07-18,Japan,JP,ja.wikipedia,15473,熱帯夜,Q842740,1755,126913433
65752,2018-07-18,Japan,JP,ja.wikipedia,173414,温室効果ガス,Q167336,622,126913433
66639,2018-07-18,Japan,JP,ja.wikipedia,368163,過去の気温変化,Q720957,666,126913433
69867,2018-07-18,Japan,JP,ja.wikipedia,1474417,地球温暖化,Q7942,2383,126913433
69900,2018-07-18,Japan,JP,ja.wikipedia,87122,自然災害,Q8065,545,126913433
72718,2018-07-18,Japan,JP,ja.wikipedia,19223,ケッペンの気候区分,Q124095,716,126913433
77584,2018-07-18,Japan,JP,ja.wikipedia,3342027,パリ協定_(気候変動),Q21707860,637,126913433
7974,2018-07-19,Japan,JP,ja.wikipedia,7141,チーズ,Q10943,485,126913433
11209,2018-07-19,Japan,JP,ja.wikipedia,18498,ウシ,Q830,492,126913433
13192,2018-07-19,Japan,JP,ja.wikipedia,38736,クジラ,Q1865281,511,126913433
14732,2018-07-19,Japan,JP,ja.wikipedia,29380,氷河時代,Q49367,699,126913433
16671,2018-07-19,Japan,JP,ja.wikipedia,22912,セメント,Q45190,466,126913433
17942,2018-07-19,Japan,JP,ja.wikipedia,60022,熱帯,Q42530,549,126913433
19926,2018-07-19,Japan,JP,ja.wikipedia,103024,リチウムイオン二次電池,Q2822895,824,126913433
19933,2018-07-19,Japan,JP,ja.wikipedia,1282290,水素,Q556,675,126913433
31642,2018-07-19,Japan,JP,ja.wikipedia,2700,自動車,Q1420,452,126913433
38056,2018-07-19,Japan,JP,ja.wikipedia,58075,京都議定書,Q47359,456,126913433
41275,2018-07-19,Japan,JP,ja.wikipedia,150031,ホッキョクグマ,Q33609,818,126913433
43606,2018-07-19,Japan,JP,ja.wikipedia,109986,ヒートアイランド,Q215712,1065,126913433
48136,2018-07-19,Japan,JP,ja.wikipedia,39142,石炭,Q24489,454,126913433
48535,2018-07-19,Japan,JP,ja.wikipedia,372271,再生可能エネルギー,Q12705,599,126913433
53790,2018-07-19,Japan,JP,ja.wikipedia,6958,二酸化炭素,Q1997,721,126913433
54162,2018-07-19,Japan,JP,ja.wikipedia,1094885,熱波,Q215864,536,126913433
56261,2018-07-19,Japan,JP,ja.wikipedia,7516,米,Q5090,780,126913433
58294,2018-07-19,Japan,JP,ja.wikipedia,1540503,石油,Q22656,526,126913433
61546,2018-07-19,Japan,JP,ja.wikipedia,10166,アンモニア,Q4087,758,126913433
64403,2018-07-19,Japan,JP,ja.wikipedia,15473,熱帯夜,Q842740,1447,126913433
64407,2018-07-19,Japan,JP,ja.wikipedia,173414,温室効果ガス,Q167336,609,126913433
65283,2018-07-19,Japan,JP,ja.wikipedia,368163,過去の気温変化,Q720957,466,126913433
68432,2018-07-19,Japan,JP,ja.wikipedia,1474417,地球温暖化,Q7942,2106,126913433
71237,2018-07-19,Japan,JP,ja.wikipedia,14292,災害,Q3839081,533,126913433
71246,2018-07-19,Japan,JP,ja.wikipedia,19223,ケッペンの気候区分,Q124095,624,126913433
76111,2018-07-19,Japan,JP,ja.wikipedia,3342027,パリ協定_(気候変動),Q21707860,488,126913433
14120,2018-07-20,Japan,JP,ja.wikipedia,22929,コンクリート,Q22657,472,126913433
14134,2018-07-20,Japan,JP,ja.wikipedia,29380,氷河時代,Q49367,651,126913433
19104,2018-07-20,Japan,JP,ja.wikipedia,103024,リチウムイオン二次電池,Q2822895,671,126913433
19111,2018-07-20,Japan,JP,ja.wikipedia,1282290,水素,Q556,581,126913433
30323,2018-07-20,Japan,JP,ja.wikipedia,2700,自動車,Q1420,460,126913433
39554,2018-07-20,Japan,JP,ja.wikipedia,150031,ホッキョクグマ,Q33609,480,126913433
39622,2018-07-20,South Korea,KR,ko.wikipedia,301432,폭염,Q215864,483,51640894
41763,2018-07-20,Japan,JP,ja.wikipedia,109986,ヒートアイランド,Q215712,721,126913433
51472,2018-07-20,Japan,JP,ja.wikipedia,6958,二酸化炭素,Q1997,516,126913433
51839,2018-07-20,Japan,JP,ja.wikipedia,1094885,熱波,Q215864,477,126913433
58954,2018-07-20,Japan,JP,ja.wikipedia,10166,アンモニア,Q4087,641,126913433
61701,2018-07-20,Japan,JP,ja.wikipedia,15473,熱帯夜,Q842740,1119,126913433
61704,2018-07-20,Japan,JP,ja.wikipedia,173414,温室効果ガス,Q167336,456,126913433
65533,2018-07-20,Japan,JP,ja.wikipedia,1474417,地球温暖化,Q7942,1484,126913433
68233,2018-07-20,Japan,JP,ja.wikipedia,19223,ケッペンの気候区分,Q124095,523,126913433
14371,2018-07-21,Japan,JP,ja.wikipedia,29380,氷河時代,Q49367,750,126913433
19412,2018-07-21,Japan,JP,ja.wikipedia,103024,リチウムイオン二次電池,Q2822895,450,126913433
35211,2018-07-21,Japan,JP,ja.wikipedia,4395,南極大陸,Q51,559,126913433
40310,2018-07-21,Japan,JP,ja.wikipedia,150031,ホッキョクグマ,Q33609,542,126913433
42588,2018-07-21,Japan,JP,ja.wikipedia,109986,ヒートアイランド,Q215712,644,126913433
60250,2018-07-21,Japan,JP,ja.wikipedia,10166,アンモニア,Q4087,458,126913433
63043,2018-07-21,Japan,JP,ja.wikipedia,15473,熱帯夜,Q842740,1066,126913433
67010,2018-07-21,Japan,JP,ja.wikipedia,1474417,地球温暖化,Q7942,1344,126913433
69779,2018-07-21,Japan,JP,ja.wikipedia,19223,ケッペンの気候区分,Q124095,505,126913433
14531,2018-07-22,Japan,JP,ja.wikipedia,38736,クジラ,Q1865281,489,126913433
16288,2018-07-22,Japan,JP,ja.wikipedia,29380,氷河時代,Q49367,776,126913433
21963,2018-07-22,Japan,JP,ja.wikipedia,103024,リチウムイオン二次電池,Q2822895,496,126913433
21972,2018-07-22,Japan,JP,ja.wikipedia,1282290,水素,Q556,545,126913433
34913,2018-07-22,Japan,JP,ja.wikipedia,2700,自動車,Q1420,460,126913433
39831,2018-07-22,Japan,JP,ja.wikipedia,4395,南極大陸,Q51,456,126913433
45560,2018-07-22,Japan,JP,ja.wikipedia,150031,ホッキョクグマ,Q33609,472,126913433
48193,2018-07-22,Japan,JP,ja.wikipedia,109986,ヒートアイランド,Q215712,863,126913433
59374,2018-07-22,Japan,JP,ja.wikipedia,6958,二酸化炭素,Q1997,691,126913433
64896,2018-07-22,Japan,JP,ja.wikipedia,278183,ウォーターワールド,Q272595,480,126913433
71041,2018-07-22,Japan,JP,ja.wikipedia,15473,熱帯夜,Q842740,1812,126913433
71045,2018-07-22,Japan,JP,ja.wikipedia,173414,温室効果ガス,Q167336,556,126913433
75469,2018-07-22,Japan,JP,ja.wikipedia,1474417,地球温暖化,Q7942,1531,126913433
75512,2018-07-22,Japan,JP,ja.wikipedia,81446,エルニーニョ・南方振動,Q14524818,464,126913433
78585,2018-07-22,Japan,JP,ja.wikipedia,19223,ケッペンの気候区分,Q124095,568,126913433
83930,2018-07-22,Japan,JP,ja.wikipedia,3342027,パリ協定_(気候変動),Q21707860,634,126913433
6257,2018-07-23,Japan,JP,ja.wikipedia,1942162,南極の気候,Q488130,1381,126913433
11908,2018-07-23,Japan,JP,ja.wikipedia,18498,ウシ,Q830,456,126913433
14039,2018-07-23,Japan,JP,ja.wikipedia,38736,クジラ,Q1865281,451,126913433
14980,2018-07-23,Taiwan,TW,zh.wikipedia,3885,热浪,Q215864,534,23659305
15758,2018-07-23,Japan,JP,ja.wikipedia,22929,コンクリート,Q22657,513,126913433
15773,2018-07-23,Japan,JP,ja.wikipedia,29380,氷河時代,Q49367,1061,126913433
19188,2018-07-23,Japan,JP,ja.wikipedia,60022,熱帯,Q42530,830,126913433
20023,2018-07-23,Japan,JP,ja.wikipedia,96712,異常気象,Q1277161,589,126913433
21291,2018-07-23,Japan,JP,ja.wikipedia,103024,リチウムイオン二次電池,Q2822895,813,126913433
21299,2018-07-23,Japan,JP,ja.wikipedia,1282290,水素,Q556,550,126913433
29547,2018-07-23,Japan,JP,ja.wikipedia,14370,太陽光発電,Q192127,487,126913433
31266,2018-07-23,Japan,JP,ja.wikipedia,1726140,地球温暖化の原因,Q4383471,569,126913433
33888,2018-07-23,Japan,JP,ja.wikipedia,2700,自動車,Q1420,532,126913433
38639,2018-07-23,Japan,JP,ja.wikipedia,4395,南極大陸,Q51,799,126913433
40755,2018-07-23,Japan,JP,ja.wikipedia,58075,京都議定書,Q47359,607,126913433
44207,2018-07-23,Japan,JP,ja.wikipedia,150031,ホッキョクグマ,Q33609,544,126913433
45479,2018-07-23,Japan,JP,ja.wikipedia,1261220,地球温暖化に対する懐疑論,Q1931364,482,126913433
46701,2018-07-23,Japan,JP,ja.wikipedia,109986,ヒートアイランド,Q215712,1411,126913433
51048,2018-07-23,Japan,JP,ja.wikipedia,22471,ガソリン,Q39558,459,126913433
51915,2018-07-23,Japan,JP,ja.wikipedia,130424,デイ・アフター・トゥモロー,Q14320,667,126913433
51942,2018-07-23,Japan,JP,ja.wikipedia,372271,再生可能エネルギー,Q12705,489,126913433
57457,2018-07-23,Japan,JP,ja.wikipedia,6958,二酸化炭素,Q1997,815,126913433
57871,2018-07-23,Japan,JP,ja.wikipedia,1094885,熱波,Q215864,1138,126913433
60115,2018-07-23,Japan,JP,ja.wikipedia,7516,米,Q5090,454,126913433
65735,2018-07-23,Japan,JP,ja.wikipedia,10166,アンモニア,Q4087,795,126913433
68777,2018-07-23,Japan,JP,ja.wikipedia,15473,熱帯夜,Q842740,2193,126913433
68781,2018-07-23,Japan,JP,ja.wikipedia,173414,温室効果ガス,Q167336,1528,126913433
69689,2018-07-23,Japan,JP,ja.wikipedia,368163,過去の気温変化,Q720957,480,126913433
73050,2018-07-23,Japan,JP,ja.wikipedia,1474417,地球温暖化,Q7942,2830,126913433
73086,2018-07-23,Japan,JP,ja.wikipedia,81446,エルニーニョ・南方振動,Q14524818,607,126913433
76026,2018-07-23,Japan,JP,ja.wikipedia,14292,災害,Q3839081,689,126913433
76034,2018-07-23,Japan,JP,ja.wikipedia,19223,ケッペンの気候区分,Q124095,943,126913433
76444,2018-07-23,Japan,JP,ja.wikipedia,15931,水力発電,Q80638,633,126913433
81160,2018-07-23,Japan,JP,ja.wikipedia,3342027,パリ協定_(気候変動),Q21707860,708,126913433
15103,2018-07-24,Japan,JP,ja.wikipedia,22929,コンクリート,Q22657,520,126913433
15121,2018-07-24,Japan,JP,ja.wikipedia,29380,氷河時代,Q49367,1123,126913433
19225,2018-07-24,Japan,JP,ja.wikipedia,96712,異常気象,Q1277161,580,126913433
19587,2018-07-24,Japan,JP,ja.wikipedia,1237935,ヒートポンプ,Q131313,517,126913433
20425,2018-07-24,Japan,JP,ja.wikipedia,103024,リチウムイオン二次電池,Q2822895,789,126913433
20430,2018-07-24,Japan,JP,ja.wikipedia,1282290,水素,Q556,748,126913433
28393,2018-07-24,Japan,JP,ja.wikipedia,14370,太陽光発電,Q192127,505,126913433
30007,2018-07-24,Japan,JP,ja.wikipedia,1726140,地球温暖化の原因,Q4383471,665,126913433
37138,2018-07-24,Japan,JP,ja.wikipedia,4395,南極大陸,Q51,615,126913433
39205,2018-07-24,Japan,JP,ja.wikipedia,58075,京都議定書,Q47359,758,126913433
42520,2018-07-24,Japan,JP,ja.wikipedia,150031,ホッキョクグマ,Q33609,691,126913433
43729,2018-07-24,Japan,JP,ja.wikipedia,1261220,地球温暖化に対する懐疑論,Q1931364,620,126913433
44905,2018-07-24,Japan,JP,ja.wikipedia,109986,ヒートアイランド,Q215712,920,126913433
49992,2018-07-24,Japan,JP,ja.wikipedia,130424,デイ・アフター・トゥモロー,Q14320,1233,126913433
50018,2018-07-24,Japan,JP,ja.wikipedia,372271,再生可能エネルギー,Q12705,602,126913433
51681,2018-07-24,Japan,JP,ja.wikipedia,31168,熱帯低気圧,Q8092,577,126913433
55371,2018-07-24,Japan,JP,ja.wikipedia,6958,二酸化炭素,Q1997,833,126913433
55763,2018-07-24,Japan,JP,ja.wikipedia,1094885,熱波,Q215864,1433,126913433
57934,2018-07-24,Japan,JP,ja.wikipedia,7516,米,Q5090,452,126913433
60030,2018-07-24,Japan,JP,ja.wikipedia,1540503,石油,Q22656,475,126913433
63399,2018-07-24,Japan,JP,ja.wikipedia,10166,アンモニア,Q4087,716,126913433
66354,2018-07-24,Japan,JP,ja.wikipedia,15473,熱帯夜,Q842740,1102,126913433
66358,2018-07-24,Japan,JP,ja.wikipedia,173414,温室効果ガス,Q167336,2285,126913433
68823,2018-07-24,Japan,JP,ja.wikipedia,11420,地球の大気,Q3230,451,126913433
70491,2018-07-24,Japan,JP,ja.wikipedia,1474417,地球温暖化,Q7942,2792,126913433
73361,2018-07-24,Japan,JP,ja.wikipedia,14292,災害,Q3839081,562,126913433
73369,2018-07-24,Japan,JP,ja.wikipedia,19223,ケッペンの気候区分,Q124095,687,126913433
73400,2018-07-24,Japan,JP,ja.wikipedia,568154,山火事,Q169950,924,126913433
78342,2018-07-24,Japan,JP,ja.wikipedia,3342027,パリ協定_(気候変動),Q21707860,752,126913433
7205,2018-07-25,Japan,JP,ja.wikipedia,497606,ガイア理論,Q208184,459,126913433
11396,2018-07-25,Japan,JP,ja.wikipedia,18498,ウシ,Q830,450,126913433
13459,2018-07-25,Japan,JP,ja.wikipedia,38736,クジラ,Q1865281,605,126913433
15105,2018-07-25,Japan,JP,ja.wikipedia,29380,氷河時代,Q49367,860,126913433
20421,2018-07-25,Japan,JP,ja.wikipedia,103024,リチウムイオン二次電池,Q2822895,841,126913433
20426,2018-07-25,Japan,JP,ja.wikipedia,1282290,水素,Q556,743,126913433
32396,2018-07-25,Japan,JP,ja.wikipedia,2700,自動車,Q1420,567,126913433
36991,2018-07-25,Japan,JP,ja.wikipedia,4395,南極大陸,Q51,476,126913433
39058,2018-07-25,Japan,JP,ja.wikipedia,58075,京都議定書,Q47359,667,126913433
42355,2018-07-25,Japan,JP,ja.wikipedia,150031,ホッキョクグマ,Q33609,664,126913433
43574,2018-07-25,Japan,JP,ja.wikipedia,1261220,地球温暖化に対する懐疑論,Q1931364,457,126913433
44733,2018-07-25,Japan,JP,ja.wikipedia,109986,ヒートアイランド,Q215712,533,126913433
49730,2018-07-25,Japan,JP,ja.wikipedia,130424,デイ・アフター・トゥモロー,Q14320,480,126913433
49758,2018-07-25,Japan,JP,ja.wikipedia,372271,再生可能エネルギー,Q12705,466,126913433
51411,2018-07-25,Japan,JP,ja.wikipedia,31168,熱帯低気圧,Q8092,497,126913433
55105,2018-07-25,Japan,JP,ja.wikipedia,6958,二酸化炭素,Q1997,878,126913433
55499,2018-07-25,Japan,JP,ja.wikipedia,1094885,熱波,Q215864,996,126913433
63069,2018-07-25,Japan,JP,ja.wikipedia,10166,アンモニア,Q4087,907,126913433
66033,2018-07-25,Japan,JP,ja.wikipedia,15473,熱帯夜,Q842740,744,126913433
66035,2018-07-25,Japan,JP,ja.wikipedia,173414,温室効果ガス,Q167336,1502,126913433
68393,2018-07-25,Japan,JP,ja.wikipedia,11420,地球の大気,Q3230,540,126913433
70073,2018-07-25,Japan,JP,ja.wikipedia,1474417,地球温暖化,Q7942,2015,126913433
72977,2018-07-25,Japan,JP,ja.wikipedia,14292,災害,Q3839081,570,126913433
72987,2018-07-25,Japan,JP,ja.wikipedia,19223,ケッペンの気候区分,Q124095,617,126913433
73016,2018-07-25,Japan,JP,ja.wikipedia,568154,山火事,Q169950,1401,126913433
77948,2018-07-25,Japan,JP,ja.wikipedia,3342027,パリ協定_(気候変動),Q21707860,547,126913433
11262,2018-07-26,Japan,JP,ja.wikipedia,18498,ウシ,Q830,466,126913433
14863,2018-07-26,Japan,JP,ja.wikipedia,29380,氷河時代,Q49367,626,126913433
20104,2018-07-26,Japan,JP,ja.wikipedia,103024,リチウムイオン二次電池,Q2822895,708,126913433
20109,2018-07-26,Japan,JP,ja.wikipedia,1282290,水素,Q556,619,126913433
27862,2018-07-26,Japan,JP,ja.wikipedia,14370,太陽光発電,Q192127,761,126913433
31848,2018-07-26,Japan,JP,ja.wikipedia,2700,自動車,Q1420,535,126913433
38345,2018-07-26,Japan,JP,ja.wikipedia,58075,京都議定書,Q47359,544,126913433
41560,2018-07-26,Japan,JP,ja.wikipedia,150031,ホッキョクグマ,Q33609,506,126913433
48749,2018-07-26,Japan,JP,ja.wikipedia,130424,デイ・アフター・トゥモロー,Q14320,929,126913433
50397,2018-07-26,Japan,JP,ja.wikipedia,31168,熱帯低気圧,Q8092,648,126913433
54001,2018-07-26,Japan,JP,ja.wikipedia,6958,二酸化炭素,Q1997,658,126913433
61816,2018-07-26,Japan,JP,ja.wikipedia,10166,アンモニア,Q4087,807,126913433
62630,2018-07-26,Japan,JP,ja.wikipedia,272569,断熱材,Q918306,550,126913433
64704,2018-07-26,Japan,JP,ja.wikipedia,15473,熱帯夜,Q842740,527,126913433
64706,2018-07-26,Japan,JP,ja.wikipedia,173414,温室効果ガス,Q167336,778,126913433
68695,2018-07-26,Japan,JP,ja.wikipedia,1474417,地球温暖化,Q7942,1377,126913433
71516,2018-07-26,Japan,JP,ja.wikipedia,14292,災害,Q3839081,561,126913433
71524,2018-07-26,Japan,JP,ja.wikipedia,19223,ケッペンの気候区分,Q124095,453,126913433
71554,2018-07-26,Japan,JP,ja.wikipedia,568154,山火事,Q169950,585,126913433
76459,2018-07-26,Japan,JP,ja.wikipedia,3342027,パリ協定_(気候変動),Q21707860,476,126913433
10808,2018-07-27,Japan,JP,ja.wikipedia,18498,ウシ,Q830,568,126913433
12709,2018-07-27,Japan,JP,ja.wikipedia,38736,クジラ,Q1865281,491,126913433
14263,2018-07-27,Japan,JP,ja.wikipedia,29380,氷河時代,Q49367,663,126913433
19332,2018-07-27,Japan,JP,ja.wikipedia,103024,リチウムイオン二次電池,Q2822895,785,126913433
19338,2018-07-27,Japan,JP,ja.wikipedia,1282290,水素,Q556,539,126913433
31841,2018-07-27,Japan,JP,ja.wikipedia,237974,永久凍土,Q179918,1480,126913433
39957,2018-07-27,Japan,JP,ja.wikipedia,150031,ホッキョクグマ,Q33609,463,126913433
48565,2018-07-27,Japan,JP,ja.wikipedia,31168,熱帯低気圧,Q8092,1069,126913433
51970,2018-07-27,Japan,JP,ja.wikipedia,6958,二酸化炭素,Q1997,607,126913433
59438,2018-07-27,Japan,JP,ja.wikipedia,10166,アンモニア,Q4087,688,126913433
60238,2018-07-27,Japan,JP,ja.wikipedia,272569,断熱材,Q918306,635,126913433
62227,2018-07-27,Japan,JP,ja.wikipedia,173414,温室効果ガス,Q167336,563,126913433
66126,2018-07-27,Japan,JP,ja.wikipedia,1474417,地球温暖化,Q7942,1363,126913433
68916,2018-07-27,Japan,JP,ja.wikipedia,14292,災害,Q3839081,472,126913433
68925,2018-07-27,Japan,JP,ja.wikipedia,19223,ケッペンの気候区分,Q124095,465,126913433
68952,2018-07-27,Japan,JP,ja.wikipedia,568154,山火事,Q169950,513,126913433
73628,2018-07-27,Japan,JP,ja.wikipedia,3342027,パリ協定_(気候変動),Q21707860,500,126913433
12900,2018-07-28,Japan,JP,ja.wikipedia,38736,クジラ,Q1865281,488,126913433
14462,2018-07-28,Japan,JP,ja.wikipedia,29380,氷河時代,Q49367,763,126913433
19611,2018-07-28,Japan,JP,ja.wikipedia,1282290,水素,Q556,490,126913433
32260,2018-07-28,Japan,JP,ja.wikipedia,237974,永久凍土,Q179918,496,126913433
35488,2018-07-28,Japan,JP,ja.wikipedia,4395,南極大陸,Q51,454,126913433
40661,2018-07-28,Japan,JP,ja.wikipedia,150031,ホッキョクグマ,Q33609,468,126913433
49357,2018-07-28,Japan,JP,ja.wikipedia,31168,熱帯低気圧,Q8092,2031,126913433
60451,2018-07-28,Japan,JP,ja.wikipedia,10166,アンモニア,Q4087,464,126913433
62079,2018-07-28,Japan,JP,ja.wikipedia,60083,乾燥帯,Q1330709,717,126913433
63260,2018-07-28,Japan,JP,ja.wikipedia,173414,温室効果ガス,Q167336,541,126913433
67220,2018-07-28,Japan,JP,ja.wikipedia,1474417,地球温暖化,Q7942,1537,126913433
67266,2018-07-28,Japan,JP,ja.wikipedia,87122,自然災害,Q8065,579,126913433
70023,2018-07-28,Japan,JP,ja.wikipedia,568154,山火事,Q169950,845,126913433
2462,2018-07-29,Japan,JP,en.wikipedia,36979,Rice,Q5090,1065,126913433
12463,2018-07-29,Japan,JP,ja.wikipedia,18498,ウシ,Q830,460,126913433
14704,2018-07-29,Japan,JP,ja.wikipedia,38736,クジラ,Q1865281,489,126913433
16496,2018-07-29,Japan,JP,ja.wikipedia,29380,氷河時代,Q49367,606,126913433
22316,2018-07-29,Japan,JP,ja.wikipedia,103024,リチウムイオン二次電池,Q2822895,612,126913433
22324,2018-07-29,Japan,JP,ja.wikipedia,1282290,水素,Q556,510,126913433
35367,2018-07-29,Japan,JP,ja.wikipedia,2700,自動車,Q1420,485,126913433
42580,2018-07-29,Japan,JP,ja.wikipedia,58075,京都議定書,Q47359,488,126913433
46152,2018-07-29,Japan,JP,ja.wikipedia,150031,ホッキョクグマ,Q33609,589,126913433
56054,2018-07-29,Japan,JP,ja.wikipedia,31168,熱帯低気圧,Q8092,1807,126913433
59994,2018-07-29,Japan,JP,ja.wikipedia,6958,二酸化炭素,Q1997,508,126913433
68625,2018-07-29,Japan,JP,ja.wikipedia,10166,アンモニア,Q4087,535,126913433
69153,2018-07-29,South Korea,KR,ko.wikipedia,1320212,2015년_파키스탄_폭염,Q20204909,1175,51640894
71789,2018-07-29,Japan,JP,ja.wikipedia,15473,熱帯夜,Q842740,630,126913433
71795,2018-07-29,Japan,JP,ja.wikipedia,173414,温室効果ガス,Q167336,610,126913433
76239,2018-07-29,Japan,JP,ja.wikipedia,1474417,地球温暖化,Q7942,1517,126913433
79417,2018-07-29,Japan,JP,ja.wikipedia,14292,災害,Q3839081,479,126913433
79427,2018-07-29,Japan,JP,ja.wikipedia,19223,ケッペンの気候区分,Q124095,616,126913433
79461,2018-07-29,Japan,JP,ja.wikipedia,568154,山火事,Q169950,627,126913433
12046,2018-07-30,Japan,JP,ja.wikipedia,18498,ウシ,Q830,514,126913433
15904,2018-07-30,Japan,JP,ja.wikipedia,22929,コンクリート,Q22657,457,126913433
15919,2018-07-30,Japan,JP,ja.wikipedia,29380,氷河時代,Q49367,622,126913433
21507,2018-07-30,Japan,JP,ja.wikipedia,103024,リチウムイオン二次電池,Q2822895,924,126913433
21512,2018-07-30,Japan,JP,ja.wikipedia,1282290,水素,Q556,627,126913433
29777,2018-07-30,Japan,JP,ja.wikipedia,14370,太陽光発電,Q192127,498,126913433
34075,2018-07-30,Japan,JP,ja.wikipedia,2700,自動車,Q1420,464,126913433
35435,2018-07-30,Japan,JP,ja.wikipedia,237974,永久凍土,Q179918,738,126913433
41074,2018-07-30,Japan,JP,ja.wikipedia,58075,京都議定書,Q47359,559,126913433
44563,2018-07-30,Japan,JP,ja.wikipedia,150031,ホッキョクグマ,Q33609,1509,126913433
54096,2018-07-30,Japan,JP,ja.wikipedia,31168,熱帯低気圧,Q8092,1226,126913433
55725,2018-07-30,Japan,JP,ja.wikipedia,109359,外来種,Q183368,509,126913433
57875,2018-07-30,Japan,JP,ja.wikipedia,6958,二酸化炭素,Q1997,641,126913433
66243,2018-07-30,Japan,JP,ja.wikipedia,10166,アンモニア,Q4087,743,126913433
69311,2018-07-30,Japan,JP,ja.wikipedia,15473,熱帯夜,Q842740,694,126913433
69316,2018-07-30,Japan,JP,ja.wikipedia,173414,温室効果ガス,Q167336,585,126913433
73652,2018-07-30,Japan,JP,ja.wikipedia,1474417,地球温暖化,Q7942,1572,126913433
76685,2018-07-30,Japan,JP,ja.wikipedia,19223,ケッペンの気候区分,Q124095,577,126913433
76716,2018-07-30,Japan,JP,ja.wikipedia,568154,山火事,Q169950,606,126913433
81904,2018-07-30,Japan,JP,ja.wikipedia,3342027,パリ協定_(気候変動),Q21707860,579,126913433
11512,2018-07-31,Japan,JP,ja.wikipedia,18498,ウシ,Q830,571,126913433
11585,2018-07-31,Taiwan,TW,zh.wikipedia,1053038,煤,Q24489,589,23659305
13592,2018-07-31,Japan,JP,ja.wikipedia,38736,クジラ,Q1865281,654,126913433
15228,2018-07-31,Japan,JP,ja.wikipedia,29380,氷河時代,Q49367,487,126913433
20515,2018-07-31,Japan,JP,ja.wikipedia,103024,リチウムイオン二次電池,Q2822895,831,126913433
20523,2018-07-31,Japan,JP,ja.wikipedia,1282290,水素,Q556,627,126913433
26778,2018-07-31,Taiwan,TW,zh.wikipedia,1208527,聖嬰現象,Q7939,665,23659305
32511,2018-07-31,Japan,JP,ja.wikipedia,2700,自動車,Q1420,484,126913433
39170,2018-07-31,Japan,JP,ja.wikipedia,58075,京都議定書,Q47359,681,126913433
42489,2018-07-31,Japan,JP,ja.wikipedia,150031,ホッキョクグマ,Q33609,628,126913433
51628,2018-07-31,Japan,JP,ja.wikipedia,31168,熱帯低気圧,Q8092,823,126913433
55276,2018-07-31,Japan,JP,ja.wikipedia,6958,二酸化炭素,Q1997,730,126913433
63223,2018-07-31,Japan,JP,ja.wikipedia,10166,アンモニア,Q4087,762,126913433
66130,2018-07-31,Japan,JP,ja.wikipedia,15473,熱帯夜,Q842740,643,126913433
66133,2018-07-31,Japan,JP,ja.wikipedia,173414,温室効果ガス,Q167336,454,126913433
68601,2018-07-31,Japan,JP,ja.wikipedia,11420,地球の大気,Q3230,502,126913433
70313,2018-07-31,Japan,JP,ja.wikipedia,1474417,地球温暖化,Q7942,1468,126913433
73176,2018-07-31,Japan,JP,ja.wikipedia,14292,災害,Q3839081,583,126913433
73213,2018-07-31,Japan,JP,ja.wikipedia,568154,山火事,Q169950,743,126913433
